title,price_first,price_second,image_link,product_link,category
Dell Optiplex AIO 7420  | i7-14700 vPro | 8GB | 512GB SSD | Ubuntu OS | Touch Screen,"Rs.174,800","Rs.184,000",https://www.neostore.com.np/assets/uploads/one1511.jpg,https://www.neostore.com.np/product/dell-optiplex-aio-7420-i7-14700-vpro-8gb-512gb-ssd-ubuntu-os-touch-screen,dell
Dell Optiplex AIO 7420  | i7-14700 vPro | 8GB | 512GB SSD | Ubuntu OS | Non-Touch,"Rs.162,450","Rs.171,000",https://www.neostore.com.np/assets/uploads/one151.jpg,https://www.neostore.com.np/product/dell-optiplex-aio-7420-i7-14700-vpro-8gb-512gb-ssd-ubuntu-os-non-touch,dell
Dell Optiplex AIO 7420 - i5 -14500T vPro | 8GB | 512GB SSD | Ubuntu | Touch Screen | 35W,"Rs.137,750","Rs.145,000",https://www.neostore.com.np/assets/uploads/aio_7420_41.jpg,https://www.neostore.com.np/product/dell-optiplex-aio-7420---i5--14500t-vpro-8gb-512gb-ssd-ubuntu-touch-screen-35w,dell
Dell Optiplex AIO 7420 - i5 -14500T vPro | 8GB | 512GB SSD | Ubuntu | Non-Touch | 35W  ,"Rs.124,450","Rs.131,000",https://www.neostore.com.np/assets/uploads/aio_7420_4.jpg,https://www.neostore.com.np/product/dell-optiplex-aio-7420---i5--14500t-vpro-8gb-512gb-ssd-ubuntu-non-touch-35w-,dell
Dell Optiplex Tower Plus 7020 | i7-14700 vPro | 8GB | 512GB SSD | Integrated Graphics | WIndows 11 Pro,"Rs.154,850","Rs.163,000",https://www.neostore.com.np/assets/uploads/7020_32.jpg,https://www.neostore.com.np/product/dell-optiplex-tower-plus-7020-i7-14700-vpro-8gb-512gb-ssd-integrated-graphics-windows-11-pro,dell
Dell Optiplex Tower Plus 7020 | i9-14900 vPro | 8GB | 512GB SSD | RTX 4060 8GB GDDR6 | UBT,"Rs.252,700","Rs.266,000",https://www.neostore.com.np/assets/uploads/7020_31.jpg,https://www.neostore.com.np/product/dell-optiplex-tower-plus-7020-i9-14900-vpro-8gb-512gb-ssd-rtx-4060-8gb-gddr6-ubt,dell
Dell Vostro 3520 - i7 1225U | 8GB | 512GB| Integrated Graphics | 15.6 | FHD | DOS,"Rs.92,150","Rs.97,000",https://www.neostore.com.np/assets/uploads/dell_vostro_3520_31.jpg,https://www.neostore.com.np/product/dell-vostro-3520---i7-1225u-8gb-512gb-integrated-graphics-15-6-fhd-dos,dell
Dell Vostro 3530 - i7 1355U | 16GB | 512GB | Intel graphics | 15.6 Inch FHD ,"Rs.96,750","Rs.104,000",https://www.neostore.com.np/assets/uploads/Dell_Vostro_3530_4.jpg,https://www.neostore.com.np/product/dell-vostro-3530---i7-1355u-16gb-512gb-intel-graphics-15-6-inch-fhd-,dell
Dell Latitude 5450 - Intel Core Ultra 7 155U | 8GB | 512GB | Integrated GPU | FHD | Ubuntu Os,"Rs.182,875","Rs.192,500",https://www.neostore.com.np/assets/uploads/abce2.jpg,https://www.neostore.com.np/product/dell-latitude-5450---intel-core-ultra-7-155u-8gb-512gb-integrated-gpu-fhd-ubuntu-os,dell
Dell Latitude 5450 - Intel Core Ultra 7 155U | 8GB | 512GB | Integrated GPU | FHD | Windows 11,"Rs.207,100","Rs.218,000",https://www.neostore.com.np/assets/uploads/abce3.jpg,https://www.neostore.com.np/product/dell-latitude-5450---intel-core-ultra-7-155u-8gb-512gb-integrated-gpu-fhd-windows-11,dell
Dell Latitude 5450 - Intel Core Ultra 5 125U | 8GB | 512GB | Integrated GPU | FHD | Ubuntu Os,"Rs.151,525","Rs.159,500",https://www.neostore.com.np/assets/uploads/abce1.jpg,https://www.neostore.com.np/product/dell-latitude-5450---intel-core-ultra-5-125u-8gb-512gb-integrated-gpu-fhd-ubuntu-os,dell
Dell Latitude 5450 - Intel Core Ultra 5 125U | 8GB | 512GB | Integrated GPU | FHD | Windows 11,"Rs.175,750","Rs.185,000",https://www.neostore.com.np/assets/uploads/abce.jpg,https://www.neostore.com.np/product/dell-latitude-5450---intel-core-ultra-5-125u-8gb-512gb-integrated-gpu-fhd-windows-11,dell
Dell latitude 3450 - intel Core Ultra 5 125U | 8GB |  512GB |  Integrated GPU | FHD | Ubuntu,"Rs.136,800","Rs.144,000",https://www.neostore.com.np/assets/uploads/oneone_741.jpg,https://www.neostore.com.np/product/dell-latitude-3450---intel-core-ultra-5-125u-8gb-512gb-integrated-gpu-fhd-ubuntu,dell
Dell latitude 3450 - intel Core Ultra 7 155U | 8GB |  512GB |  FHD | Ubuntu,"Rs.164,500","Rs.173,000",https://www.neostore.com.np/assets/uploads/oneone_73.jpg,https://www.neostore.com.np/product/dell-latitude-3450---intel-core-ultra-7-155u-8gb-512gb-fhd-ubuntu,dell
Dell latitude 3450 - intel Core Ultra 7 155U | 8GB |  512GB |  FHD | Windows 11,"Rs.189,500","Rs.199,500",https://www.neostore.com.np/assets/uploads/oneone_721.jpg,https://www.neostore.com.np/product/dell-latitude-3450---intel-core-ultra-7-155u-8gb-512gb-fhd-windows-11,dell
Dell Latitude 3450 - i7-1355U | 8GB | 512GB | Integrated GPU | FHD | Ubuntu,"Rs.150,575","Rs.158,500",https://www.neostore.com.np/assets/uploads/oneone_711.jpg,https://www.neostore.com.np/product/dell-latitude-3450---i7-1355u-8gb-512gb-integrated-gpu-fhd-ubuntu,dell
Dell Latitude 3450 - i7-1355U | 8GB | 512GB | Integrated GPU | FHD | Windows 11,"Rs.174,800","Rs.184,000",https://www.neostore.com.np/assets/uploads/oneone_7.jpg,https://www.neostore.com.np/product/dell-latitude-3450---i7-1355u-8gb-512gb-integrated-gpu-fhd-windows-11,dell
Dell Vostro 3520 - i3 1215U | 8GB | 512GB| Integrated UHD Graphics | 15.6 | FHD,"Rs.56,900",,https://www.neostore.com.np/assets/uploads/dell_vostro_3520_3.jpg,https://www.neostore.com.np/product/dell-vostro-3520---i3-1215u-8gb-512gb-integrated-uhd-graphics-15-6-fhd,dell
Dell E5 90W (UK)  Type -C AC Adapter - 492-BCGS,"Rs.8,000",,https://www.neostore.com.np/assets/uploads/492-BCGS1.jpg,https://www.neostore.com.np/product/dell-e5-90w-uk-type--c-ac-adapter---492-bcgs,dell
Dell E5 1AC Adapter (UK) 65W Type -C with Power Cord - 450-ALKP,"Rs.4,700",,https://www.neostore.com.np/assets/uploads/dell_65w_usb-c_adapter.jpg,https://www.neostore.com.np/product/dell-e5-1ac-adapter-uk-65w-type--c-with-power-cord---450-alkp,dell
Dell E5 180W AC Adapter (UK) 7.4mm Barrel with Power Cord - 450-ALYP,"Rs.12,300",,https://www.neostore.com.np/assets/uploads/tupee.jpg,https://www.neostore.com.np/product/dell-e5-180w-ac-adapter-uk-7-4mm-barrel-with-power-cord---450-alyp,dell
Dell E5 130W AC Adapter (UK) Type -C Power Adapter - 450-AJUW,"Rs.12,500",,https://www.neostore.com.np/assets/uploads/type_c.jpg,https://www.neostore.com.np/product/dell-e5-130w-ac-adapter-uk-type--c-power-adapter---450-ajuw,dell
Dell E5 130W 4.5mm (UK) AC Adapter with Power Cord - 450-19159,"Rs.8,500",,https://www.neostore.com.np/assets/uploads/130W_2.jpg,https://www.neostore.com.np/product/dell-e5-130w-4-5mm-uk-ac-adapter-with-power-cord---450-19159,dell
Dell 90W 4.5mm (UK) AC Adapter with Power Cord - 492-BDDW,"Rs.5,100",,https://www.neostore.com.np/assets/uploads/power_cable.jpg,https://www.neostore.com.np/product/dell-90w-4-5mm-uk-ac-adapter-with-power-cord---492-bddw,dell
Dell Multi-Device Wireless Keyboard and Mouse Combo - KM7120W,"Rs.13,900",,https://www.neostore.com.np/assets/uploads/KM7120W_31.jpg,https://www.neostore.com.np/product/dell-multi-device-wireless-keyboard-and-mouse-combo---km7120w,dell
Dell Inspiron AIO 5430 - Core 7 150U | 16GB | 1TB SSD | Intel | MS Office,"Rs.178,000",,https://www.neostore.com.np/assets/uploads/5430_311.jpg,https://www.neostore.com.np/product/dell-inspiron-aio-5430---core-7-150u-16gb-1tb-ssd-intel-ms-office,dell
Dell Inspiron AIO 5430 - Core 5 120U | 8GB | 512GB SSD | Intel | Ms Office,"Rs.146,000",,https://www.neostore.com.np/assets/uploads/5430_43.jpg,https://www.neostore.com.np/product/dell-inspiron-aio-5430---core-5-120u-8gb-512gb-ssd-intel-ms-office,dell
Dell UltraSharp 27 Inch Monitor - U2724D,"Rs.82,500",,https://www.neostore.com.np/assets/uploads/U2724D_5.jpg,https://www.neostore.com.np/product/dell-ultrasharp-27-inch-monitor---u2724d,dell
Dell UltraSharp 24 Inch Monitor - U2424H,"Rs.56,500",,https://www.neostore.com.np/assets/uploads/U2424H.jpg,https://www.neostore.com.np/product/dell-ultrasharp-24-inch-monitor---u2424h,dell
Dell 32 Inch UltraSharp 4K USB-C Hub Monitor U3223QE,"Rs.179,500",,https://www.neostore.com.np/assets/uploads/U3223QE_4.jpg,https://www.neostore.com.np/product/dell-32-inch-ultrasharp-4k-usb-c-hub-monitor-u3223qe,dell
Dell 22 Inch Monitor FHD SE2222H,"Rs.17,500",,https://www.neostore.com.np/assets/uploads/SE2222H_21.jpg,https://www.neostore.com.np/product/dell-22-inch-monitor-fhd-se2222h,dell
Dell Vostro 15 3520 ‐ i5 1235U | 8GB | 512GB SSD | FHD | DOS,"Rs.68,875","Rs.72,500",https://www.neostore.com.np/assets/uploads/3520_v11.jpg,https://www.neostore.com.np/product/dell-vostro-15-3520-i5-1235u-8gb-512gb-ssd-fhd-dos,dell
Dell XPS 16 9640 - Ultra 9 185H | 32GB | 1TB | GeForce RTX 4060 8GB | Office | Touch | Backlit Keyboard | Fingerprint | UHD+,"Rs.526,150","Rs.571,900",https://www.neostore.com.np/assets/uploads/9640_5.jpg,https://www.neostore.com.np/product/dell-xps-16-9640---ultra-9-185h-32gb-1tb-geforce-rtx-4060-8gb-office-touch-backlit-keyboard-fingerprint-uhd-,dell
Dell XPS 14 9440 - Ultra 7 155H | 16GB | 512GB | GeForce RTX 4050 6GB | MS Office | Touch | Backlit Keyboard | Fingerprint | 3.2K,"Rs.423,100","Rs.459,900",https://www.neostore.com.np/assets/uploads/9440_4.jpg,https://www.neostore.com.np/product/dell-xps-14-9440---ultra-7-155h-16gb-512gb-geforce-rtx-4050-6gb-ms-office-touch-backlit-keyboard-fingerprint-3-2k,dell
Dell XPS 14 9440 - Ultra 7 155H | 32GB | 1TB | GeForce RTX 4050 6GB | MS Office | Touch | Backlit Keyboard | 3.2K,"Rs.450,700","Rs.489,900",https://www.neostore.com.np/assets/uploads/9440_5.jpg,https://www.neostore.com.np/product/dell-xps-14-9440---ultra-7-155h-32gb-1tb-geforce-rtx-4050-6gb-ms-office-touch-backlit-keyboard-3-2k,dell
Dell XPS 13 9340 - Ultra 7 155H | 32GB | 1TB | Intel Arc | Touch Screen | MS Office | Backlit Keyboard | Fingerprint | QHD+,"Rs.320,050","Rs.347,900",https://www.neostore.com.np/assets/uploads/9340_311.jpg,https://www.neostore.com.np/product/dell-xps-13-9340---ultra-7-155h-32gb-1tb-intel-arc-touch-screen-ms-office-backlit-keyboard-fingerprint-qhd-,dell
Dell XPS 13 9340 - Ultra 7 155H | 16GB | 512GB | Intel Arc | Touch Screen | MS Office | Backlit Keyboard | Fingerprint | QHD+,"Rs.287,850","Rs.312,900",https://www.neostore.com.np/assets/uploads/9340_31.jpg,https://www.neostore.com.np/product/dell-xps-13-9340---ultra-7-155h-16gb-512gb-intel-arc-touch-screen-ms-office-backlit-keyboard-fingerprint-qhd-,dell
Dell XPS 13 9340 - Ultra 7 155H | 16GB | 512GB | Intel Arc | MS Office | Backlit Keyboard | Fingerprint | FHD+,"Rs.265,800","Rs.288,900",https://www.neostore.com.np/assets/uploads/9340_3.jpg,https://www.neostore.com.np/product/dell-xps-13-9340---ultra-7-155h-16gb-512gb-intel-arc-ms-office-backlit-keyboard-fingerprint-fhd-,dell
Dell Inspiron 16 5640 - Core 7 150U | 16GB | 1TB SSD | Intel Graphics | Backlit keyboard | Fingerprint | FHD+,"Rs.150,790","Rs.163,900",https://www.neostore.com.np/assets/uploads/Dell_Inspiron_16_5640_face_211.jpg,https://www.neostore.com.np/product/dell-inspiron-16-5640---core-7-150u-16gb-1tb-ssd-intel-graphics-backlit-keyboard-fingerprint-fhd-,dell
Dell Inspiron 15 3530 - i7 1355U | 16GB | 512SSD | Intel Iris Xe | FHD | UBT,"Rs.112,150","Rs.121,900",https://www.neostore.com.np/assets/uploads/3520_silver111.jpg,https://www.neostore.com.np/product/dell-inspiron-15-3530---i7-1355u-16gb-512ssd-intel-iris-xe-fhd-ubt,dell
Dell Inspiron 15 3530 - i5 1334U | 16GB | 512SSD | Intel Iris | FHD | UBT ,"Rs.90,050","Rs.97,900",https://www.neostore.com.np/assets/uploads/3530_silver_421.jpg,https://www.neostore.com.np/product/dell-inspiron-15-3530---i5-1334u-16gb-512ssd-intel-iris-fhd-ubt-,dell
Dell Inspiron 15 3520 - i5 1235U | 8GB | 512SSD | Intel UHD | FHD | UBT,"Rs.79,030","Rs.85,900",https://www.neostore.com.np/assets/uploads/3520_silver21.jpg,https://www.neostore.com.np/product/dell-inspiron-15-3520---i5-1235u-8gb-512ssd-intel-uhd-fhd-ubt,dell
Dell Inspiron 16 5645 - AMD Ryzen 5 8540U | 8GB | 512SSD | Radeon Graphics | Backlit Keyboard | Fingerprint|  FHD+,"Rs.113,050","Rs.122,900",https://www.neostore.com.np/assets/uploads/5645_ice_blue11.jpg,https://www.neostore.com.np/product/dell-inspiron-16-5645---amd-ryzen-5-8540u-8gb-512ssd-radeon-graphics-backlit-keyboard-fingerprint-fhd-,dell
Dell Inspiron 16 5645 - AMD Ryzen 7 8840U | 16GB | 1TB SSD | Radeon Graphics | Backlit Keyboard | Fingerprint|  FHD +,"Rs.138,850","Rs.150,900",https://www.neostore.com.np/assets/uploads/5645_front_1.jpg,https://www.neostore.com.np/product/dell-inspiron-16-5645---amd-ryzen-7-8840u-16gb-1tb-ssd-radeon-graphics-backlit-keyboard-fingerprint-fhd-,dell
Dell Inspiron 14 5440 - Core 5 120U | 16GB | 512SSD | GeForce MX570A 2GB | CoPilot AI | Backlit Keyboard | Fingerprint | 2.2K,"Rs.154,450","Rs.167,900",https://www.neostore.com.np/assets/uploads/5440_ice_blue_411.jpg,https://www.neostore.com.np/product/dell-inspiron-14-5440---core-5-120u-16gb-512ssd-geforce-mx570a-2gb-copilot-ai-backlit-keyboard-fingerprint-2-2k,dell
Dell Inspiron 14 5440 - Core 7 150U | 16GB | 512GB SSD | CoPilot AI | Backlit Keyboard | Fingerprint | FHD+,"Rs.136,990","Rs.148,900",https://www.neostore.com.np/assets/uploads/5440_face_221.jpg,https://www.neostore.com.np/product/dell-inspiron-14-5440---core-7-150u-16gb-512gb-ssd-copilot-ai-backlit-keyboard-fingerprint-fhd-,dell
Dell Inspiron 14 5440 - Core 7 150U | 16GB | 1TB SSD | GeForce MX570A 2GB | CoPilot AI | Backlit Keyboard | Fingerprint | 2.2k,"Rs.163,650","Rs.177,900",https://www.neostore.com.np/assets/uploads/5445_new11.jpg,https://www.neostore.com.np/product/dell-inspiron-14-5440---core-7-150u-16gb-1tb-ssd-geforce-mx570a-2gb-copilot-ai-backlit-keyboard-fingerprint-2-2k,dell
Dell Inspiron 14 5440 - Core 5 120U | 16GB | 512SSD | Intel | CoPilot AI | Backlit Keyboard | Fingerprint | FHD+,"Rs.125,030","Rs.135,900",https://www.neostore.com.np/assets/uploads/5440_copy11.jpg,https://www.neostore.com.np/product/dell-inspiron-14-5440---core-5-120u-16gb-512ssd-intel-copilot-ai-backlit-keyboard-fingerprint-fhd-,dell
Dell Inspiron 14 5445 - AMD Ryzen 7 8840U | 16GB | 1TB | Radeon Graphics | FHD+ | CoPilot AI | Windows 11,"Rs.122,250","Rs.132,900",https://www.neostore.com.np/assets/uploads/5440_face_2111.jpg,https://www.neostore.com.np/product/dell-inspiron-14-5445---amd-ryzen-7-8840u-16gb-1tb-radeon-graphics-fhd-copilot-ai-windows-11,dell
Dell Inspiron 14 5445 - AMD Ryzen 5 8540U | 8GB | 512SSD | Radeon Graphics | FHD+ | CoPilot AI | Windows 11,"Rs.101,100","Rs.109,900",https://www.neostore.com.np/assets/uploads/5445_22211.jpg,https://www.neostore.com.np/product/dell-inspiron-14-5445---amd-ryzen-5-8540u-8gb-512ssd-radeon-graphics-fhd-copilot-ai-windows-11,dell
Dell XPS 13 Plus 9320 - i7 1360P | 16GB | 512GB SSD | Iris Xe | FHD+ | Windows 11 Pro,"Rs.205,000",,https://www.neostore.com.np/assets/uploads/9320_3511.jpg,https://www.neostore.com.np/product/dell-xps-13-plus-9320---i7-1360p-16gb-512gb-ssd-iris-xe-fhd-windows-11-pro,dell
Dell OptiPlex AIO 7410 | | I5-13500T | 8GB | 256GB SSD | UBT | Touch,"Rs.127,775","Rs.134,500",https://www.neostore.com.np/assets/uploads/Dell_Optiplex_AIO_7410_2111.jpg,https://www.neostore.com.np/product/dell-optiplex-aio-7410-i5-13500t-8gb-256gb-ssd-ubt-touch,dell
Dell Optiplex Tower 7010 | I3-12100 | 8GB | 256GB SSD | UBT,"Rs.52,725","Rs.55,500",https://www.neostore.com.np/assets/uploads/7010_.jpg,https://www.neostore.com.np/product/dell-optiplex-tower-7010-i3-12100-8gb-256gb-ssd-ubt,dell
Dell 19.5 inch HD+ Monitor - D2020H,"Rs.14,500",,https://www.neostore.com.np/assets/uploads/D2020H_3.jpg,https://www.neostore.com.np/product/dell-19-5-inch-hd-monitor---d2020h,dell
Dell 21.5 Inch Full HD Monitor E2222H,"Rs.17,575","Rs.18,500",https://www.neostore.com.np/assets/uploads/E2222H_3.jpg,https://www.neostore.com.np/product/dell-21-5-inch-full-hd-monitor-e2222h,dell
Dell Optiplex Tower Plus  7020 | i7 - 14700 | 8GB | 512GB | UBT,"Rs.138,700","Rs.146,000",https://www.neostore.com.np/assets/uploads/workstation.jpg,https://www.neostore.com.np/product/dell-optiplex-tower-plus-7020-i7---14700-8gb-512gb-ubt,dell
Dell Latitude 3440 - i5 -1235U | 8GB RAM  | 512GB SSD | Non Backlit | UBT,"Rs.79,515 - Rs.82,080","Rs.85,500",https://www.neostore.com.np/assets/uploads/3440_33.jpg,https://www.neostore.com.np/product/dell-latitude-3440---i5--1235u-8gb-ram-512gb-ssd-non-backlit-ubt,dell
Dell Inspiron 15 3530 - 13th Gen i3 1305U | 8GB | 512SSD | Intel UHD | FHD | UBT,"Rs.65,500 - Rs.66,500",,https://www.neostore.com.np/assets/uploads/3530_3.jpg,https://www.neostore.com.np/product/dell-inspiron-15-3530---13th-gen-i3-1305u-8gb-512ssd-intel-uhd-fhd-ubt,dell
Dell Latitude 5440 | i7-1355U | 8GB | 512GB | Windows 11  | Backlit,"Rs.183,255","Rs.192,900",https://www.neostore.com.np/assets/uploads/5440_411.jpg,https://www.neostore.com.np/product/dell-latitude-5440-i7-1355u-8gb-512gb-windows-11-backlit,dell
Dell Latitude 5440 | i7-1355U | 8GB | 512GB | UBT | Backlit,"Rs.163,300","Rs.171,900",https://www.neostore.com.np/assets/uploads/5440_41.jpg,https://www.neostore.com.np/product/dell-latitude-5440-i7-1355u-8gb-512gb-ubt-backlit,dell
Dell Latitude 5440 | i5-1335U | 8GB | 512GB | UBT | Backlit,"Rs.139,175","Rs.146,500",https://www.neostore.com.np/assets/uploads/5440_4.jpg,https://www.neostore.com.np/product/dell-latitude-5440-i5-1335u-8gb-512gb-ubt-backlit,dell
Dell Latitude 3540 | i7-1355U | 8GB | 512GB | UBT | Backlit,"Rs.145,825","Rs.153,500",https://www.neostore.com.np/assets/uploads/3440_421.jpg,https://www.neostore.com.np/product/dell-latitude-3540-i7-1355u-8gb-512gb-ubt-backlit,dell
Dell Latitude 3440 | i5-1335U | 8GB | 512GB | FHD | Windows 11 | Backlit,"Rs.140,125","Rs.147,500",https://www.neostore.com.np/assets/uploads/3440_41.jpg,https://www.neostore.com.np/product/dell-latitude-3440-i5-1335u-8gb-512gb-fhd-windows-11-backlit,dell
Dell Vostro 3430 | i3-1305U | 8GB | 512GB | Intel UHD | FHD | UBT ,"Rs.72,265","Rs.74,500",https://www.neostore.com.np/assets/uploads/3430_3.jpg,https://www.neostore.com.np/product/dell-vostro-3430-i3-1305u-8gb-512gb-intel-uhd-fhd-ubt-,dell
Dell Inspiron AIO 5420 i7-1355U | 16GB | 512GB SSD | Iris Xe Graphics | Touch Screen | Win 11,"Rs.167,900",,https://www.neostore.com.np/assets/uploads/AIO_22.jpg,https://www.neostore.com.np/product/dell-inspiron-aio-5420-i7-1355u-16gb-512gb-ssd-iris-xe-graphics-touch-screen-win-11,dell
Dell Inspiron AIO 5420 i7-1355U | 16GB | 512GB SSD | Iris Xe Graphics | Win 11,"Rs.156,900",,https://www.neostore.com.np/assets/uploads/AIO_32.jpg,https://www.neostore.com.np/product/dell-inspiron-aio-5420-i7-1355u-16gb-512gb-ssd-iris-xe-graphics-win-11,dell
Dell Inspiron AIO 5420 i5-1335U | 16GB | 512GB SSD | Iris Xe Graphics | Touch | Win 11,"Rs.152,900",,https://www.neostore.com.np/assets/uploads/AIO_3.jpg,https://www.neostore.com.np/product/dell-inspiron-aio-5420-i5-1335u-16gb-512gb-ssd-iris-xe-graphics-touch-win-11,dell
Dell XPS DT 8960 | i7 -13700 | 16GB | 512GB SSD | 2TB HDD | RTX 3060 | Win 11,"Rs.275,900",,https://www.neostore.com.np/assets/uploads/xps_33.jpg,https://www.neostore.com.np/product/dell-xps-dt-8960-i7--13700-16gb-512gb-ssd-2tb-hdd-rtx-3060-win-11,dell
Dell Insprion DT 3020 - i7-13700 | 16GB | 512GB SSD | Intel UHD | Win 11,"Rs.137,000","Rs.149,900",https://www.neostore.com.np/assets/uploads/3020_inspiron_111.jpg,https://www.neostore.com.np/product/dell-insprion-dt-3020---i7-13700-16gb-512gb-ssd-intel-uhd-win-11,dell
Dell Insprion DT 3020 - i5 13400 | 8GB | 256GB SSD | 1TB HDD | Intel UHD | Win 11,"Rs.111,900",,https://www.neostore.com.np/assets/uploads/3020_inspiron_1.jpg,https://www.neostore.com.np/product/dell-insprion-dt-3020---i5-13400-8gb-256gb-ssd-1tb-hdd-intel-uhd-win-11,dell
Dell Insprion DT 3020 - i3 13100 | 8GB | 256GB SSD | Intel UHD | Win 11,"Rs.82,900",,https://www.neostore.com.np/assets/uploads/3020_inspiron_11.jpg,https://www.neostore.com.np/product/dell-insprion-dt-3020---i3-13100-8gb-256gb-ssd-intel-uhd-win-11,dell
Dell Vostro 3020 Tower | i7-13700 | 8GB | 512SSD | UBT,"Rs.137,350","Rs.144,500",https://www.neostore.com.np/assets/uploads/3020_32.jpg,https://www.neostore.com.np/product/dell-vostro-3020-tower-i7-13700-8gb-512ssd-ubt,dell
Dell Vostro 3020 Tower | i3-13100 | 8GB | 256SSD | UBT,"Rs.76,900","Rs.80,900",https://www.neostore.com.np/assets/uploads/3020_31.jpg,https://www.neostore.com.np/product/dell-vostro-3020-tower-i3-13100-8gb-256ssd-ubt,dell
Dell Vostro 3020 Tower | i5-13400 | 8GB | 512SSD | UBT,"Rs.101,620","Rs.106,900",https://www.neostore.com.np/assets/uploads/3020_3.jpg,https://www.neostore.com.np/product/dell-vostro-3020-tower-i5-13400-8gb-512ssd-ubt,dell
Dell Optiplex Tower 7010 | i7-13700 | 8GB | 512 SSD | UBT,"Rs.147,250","Rs.154,900",https://www.neostore.com.np/assets/uploads/7010_tower12.jpg,https://www.neostore.com.np/product/dell-optiplex-tower-7010-i7-13700-8gb-512-ssd-ubt,dell
Dell Optiplex Tower 7010 | i5-13500 | 8GB | 256 SSD | UBT,"Rs.101,250","Rs.106,500",https://www.neostore.com.np/assets/uploads/7010_tower11.jpg,https://www.neostore.com.np/product/dell-optiplex-tower-7010-i5-13500-8gb-256-ssd-ubt,dell
Dell Optiplex Tower 7010 | i3-13100 | 8GB | 256 SSD | UBT,"Rs.86,000","Rs.90,500",https://www.neostore.com.np/assets/uploads/7010_tower.jpg,https://www.neostore.com.np/product/dell-optiplex-tower-7010-i3-13100-8gb-256-ssd-ubt,dell
Dell Optiplex Micro 7010 | i5-13500T | 8GB |256 SSD | UBT,"Rs.99,720","Rs.104,900",https://www.neostore.com.np/assets/uploads/7010_3.jpg,https://www.neostore.com.np/product/dell-optiplex-micro-7010-i5-13500t-8gb-256-ssd-ubt,dell
Dell OptiPlex AIO 7410 | i5-13500T | 8GB | 512 SSD | Touch | UBT,"Rs.141,550","Rs.148,900",https://www.neostore.com.np/assets/uploads/Dell_Optiplex_AIO_7410_211.jpg,https://www.neostore.com.np/product/dell-optiplex-aio-7410-i5-13500t-8gb-512-ssd-touch-ubt,dell
Dell OptiPlex AIO 7410 | i5-13500T | 8GB | 512 SSD | UBT,"Rs.124,450","Rs.130,900",https://www.neostore.com.np/assets/uploads/Dell_Optiplex_AIO_7410_21.jpg,https://www.neostore.com.np/product/dell-optiplex-aio-7410-i5-13500t-8gb-512-ssd-ubt,dell
Dell Optiplex AIO 7410 | I7-13700 | 8GB | 512 SSD | UBT,"Rs.164,350","Rs.172,900",https://www.neostore.com.np/assets/uploads/Dell_Optiplex_AIO_7410_2.jpg,https://www.neostore.com.np/product/dell-optiplex-aio-7410-i7-13700-8gb-512-ssd-ubt,dell
Dell Inspiron 16 5630 i7 13th Gen - 1360P | 16GB | 512SSD | NVIDIA RTX 2050 4GB GDDR6 | FHD | Backlit Keyboard | Fingerprint,"Rs.176,225","Rs.185,500",https://www.neostore.com.np/assets/uploads/Dell_Inspiron_16_5630_41.jpg,https://www.neostore.com.np/product/dell-inspiron-16-5630-i7-13th-gen---1360p-16gb-512ssd-nvidia-rtx-2050-4gb-gddr6-fhd-backlit-keyboard-fingerprint,dell
Dell Inspiron 16 5630 i5 13th Gen - 1340P | 16GB | 512SSD | NVIDIA RTX 2050 4GB GDDR6 | FHD | Backlit Keyboard | Fingerprint,"Rs.153,920","Rs.165,500",https://www.neostore.com.np/assets/uploads/Dell_Inspiron_16_5630_42.jpg,https://www.neostore.com.np/product/dell-inspiron-16-5630-i5-13th-gen---1340p-16gb-512ssd-nvidia-rtx-2050-4gb-gddr6-fhd-backlit-keyboard-fingerprint,dell
Dell Inspiron 16 5630 i5 13th Gen - 1335U | 8GB | 512SSD | Intel Iris Xe | FHD | Backlit Keyboard | Fingerprint,"Rs.118,575","Rs.127,500",https://www.neostore.com.np/assets/uploads/Dell_Inspiron_16_5630_4.jpg,https://www.neostore.com.np/product/dell-inspiron-16-5630-i5-13th-gen---1335u-8gb-512ssd-intel-iris-xe-fhd-backlit-keyboard-fingerprint,dell
Dell Inspiron 14 7430 i7 13th Gen - 1355U | 16GB | 512GB SSD | Intel Iris Xe | FHD Touch 2-in-1| Backlit Keyboard | Fingerprint,"Rs.165,775","Rs.174,500",https://www.neostore.com.np/assets/uploads/inspiron_7430_41.jpg,https://www.neostore.com.np/product/dell-inspiron-14-7430-i7-13th-gen---1355u-16gb-512gb-ssd-intel-iris-xe-fhd-touch-2-in-1-backlit-keyboard-fingerprint,dell
Dell Inspiron G15 5530 i7 13th Gen - 13650HX | 16GB | 512SSD | NVIDIA RTX 4060 8GB GDDR6  | FHD | RGB Backlit Keyboard,"Rs.238,600","Rs.251,000",https://www.neostore.com.np/assets/uploads/inspiron_G15_5530_311.jpg,https://www.neostore.com.np/product/dell-inspiron-g15-5530-i7-13th-gen---13650hx-16gb-512ssd-nvidia-rtx-4060-8gb-gddr6-fhd-rgb-backlit-keyboard,dell
Dell Inspiron G15 5530 i7 13th Gen - 13650HX | 16GB | 512SSD | NVIDIA RTX 4050 6GB GDDR6  | FHD | RGB Backlit Keyboard,"Rs.216,260","Rs.227,500",https://www.neostore.com.np/assets/uploads/1122311.jpg,https://www.neostore.com.np/product/dell-inspiron-g15-5530-i7-13th-gen---13650hx-16gb-512ssd-nvidia-rtx-4050-6gb-gddr6-fhd-rgb-backlit-keyboard,dell
Dell Inspiron 14 5430 i5 13th Gen - 1340P | 16GB | 512SSD | NVIDIA RTX 2050 4GB GDDR6 | Backlit Keyboard | Fingerprint Reader | 2.5K,"Rs.163,000","Rs.171,500",https://www.neostore.com.np/assets/uploads/5430_silver_42.jpg,https://www.neostore.com.np/product/dell-inspiron-14-5430-i5-13th-gen---1340p-16gb-512ssd-nvidia-rtx-2050-4gb-gddr6-backlit-keyboard-fingerprint-reader-2-5k,dell
Dell Inspiron 15 3530 i5 13th Gen - 1335U | 8GB | 512SSD | MX550 2GB | Fingerprint Reader | FHD,"Rs.119,225","Rs.125,500",https://www.neostore.com.np/assets/uploads/3530_silver_dell_31.jpg,https://www.neostore.com.np/product/dell-inspiron-15-3530-i5-13th-gen---1335u-8gb-512ssd-mx550-2gb-fingerprint-reader-fhd,dell
Dell Inspiron 15 3530 i3 13th Gen - 1305U | 8GB | 512GB SSD | Intel UHD | FHD,"Rs.78,100","Rs.80,500",https://www.neostore.com.np/assets/uploads/3530_black_dell_11.jpg,https://www.neostore.com.np/product/dell-inspiron-15-3530-i3-13th-gen---1305u-8gb-512gb-ssd-intel-uhd-fhd,dell
Dell Latitude 3420 - i5 1145G7 | 8GB | M.2 256SSD NVMe | Intel Iris Xe | FHD | WIN 11,"Rs.104,000","Rs.109,500",https://www.neostore.com.np/assets/uploads/3420_4.jpg,https://www.neostore.com.np/product/dell-latitude-3420---i5-1145g7-8gb-m-2-256ssd-nvme-intel-iris-xe-fhd-win-11,dell
Dell Targus Synergy 2.0 Backpack for 15.6 Laptops,"Rs.4,749","Rs.4,999",https://www.neostore.com.np/assets/uploads/Synergy_3.jpg,https://www.neostore.com.np/product/dell-targus-synergy-2-0-backpack-for-15-6-laptops,dell
Dell Essential Backpack 15 ES1520P,"Rs.3,000",,https://www.neostore.com.np/assets/uploads/bag_31.jpg,https://www.neostore.com.np/product/dell-essential-backpack-15-es1520p,dell
Dell Optiplex 7490 All-In-One Desktop - i5 11500 | 8GB | 512GB | Integrated Graphics | Touch | Win10,"Rs.192,900",,https://www.neostore.com.np/assets/uploads/7490_3.jpg,https://www.neostore.com.np/product/dell-optiplex-7490-all-in-one-desktop---i5-11500-8gb-512gb-integrated-graphics-touch-win10,dell
Dell Optiplex 3000 Desktop - i5-12500 | 8GB | 1TB HDD | UBT,"Rs.93,000","Rs.97,900",https://www.neostore.com.np/assets/uploads/3000_41.jpg,https://www.neostore.com.np/product/dell-optiplex-3000-desktop---i5-12500-8gb-1tb-hdd-ubt,dell
Dell Optiplex 3000 Desktop - i3-12100 | 4GB | 1TB HDD | UBT,"Rs.76,475","Rs.80,500",https://www.neostore.com.np/assets/uploads/3000_3.jpg,https://www.neostore.com.np/product/dell-optiplex-3000-desktop---i3-12100-4gb-1tb-hdd-ubt,dell
Dell Ecoloop Urban Backpack CP4523B,"Rs.5,310","Rs.5,900",https://www.neostore.com.np/assets/uploads/cp4523b.jpg,https://www.neostore.com.np/product/dell-ecoloop-urban-backpack-cp4523b,dell
Dell 32 Inch Curved gaming monitor S3222DGM,"Rs.87,600","Rs.90,300",https://www.neostore.com.np/assets/uploads/S2722DGM_31.jpg,https://www.neostore.com.np/product/dell-32-inch-curved-gaming-monitor-s3222dgm,dell
Dell UltraSharp 27 4K USB-C Hub Monitor - U2723QE,"Rs.127,500",,https://www.neostore.com.np/assets/uploads/U2723QE_2.jpg,https://www.neostore.com.np/product/dell-ultrasharp-27-4k-usb-c-hub-monitor---u2723qe,dell
Dell 27 Inch Curved gaming monitor S2722DGM,"Rs.72,075","Rs.74,300",https://www.neostore.com.np/assets/uploads/S2722DGM_3.jpg,https://www.neostore.com.np/product/dell-27-inch-curved-gaming-monitor-s2722dgm,dell
Dell C2423H 24 Inch Video Conferencing Monitor ,"Rs.72,070","Rs.74,300",https://www.neostore.com.np/assets/uploads/C2423H_3.jpg,https://www.neostore.com.np/product/dell-c2423h-24-inch-video-conferencing-monitor-,dell
Dell Inspiron 14 7420 - i7 1255U | 16GB | 512SSD | NVIDIA MX550 2GB GDDR6 | Touch 2in1 | FHD | Office,"Rs.175,473","Rs.180,900",https://www.neostore.com.np/assets/uploads/7420_2.jpg,https://www.neostore.com.np/product/dell-inspiron-14-7420---i7-1255u-16gb-512ssd-nvidia-mx550-2gb-gddr6-touch-2in1-fhd-office,dell
Dell Inspiron 14 7420 - i5 1235U | 8GB | 512SSD | Intel UHD | Touch 2-in-1 | FHD | Office,"Rs.135,703","Rs.139,900",https://www.neostore.com.np/assets/uploads/7420_31.jpg,https://www.neostore.com.np/product/dell-inspiron-14-7420---i5-1235u-8gb-512ssd-intel-uhd-touch-2-in-1-fhd-office,dell
Dell Inspiron 16 5625 - AMD Ryzen 5 5625U | 8GB | 512SSD | Radeon Graphics | FHD | Office,"Rs.108,545 - Rs.110,045","Rs.111,900",https://www.neostore.com.np/assets/uploads/5625_41.jpg,https://www.neostore.com.np/product/dell-inspiron-16-5625---amd-ryzen-5-5625u-8gb-512ssd-radeon-graphics-fhd-office,dell
Dell Inspiron 16 5620 - i5 1240P | 16GB | 512SSD | Nvidia MX570A 2GB GDDR6 | FHD | Office,"Rs.167,713 - Rs.169,213","Rs.172,900",https://www.neostore.com.np/assets/uploads/5620_3.jpg,https://www.neostore.com.np/product/dell-inspiron-16-5620---i5-1240p-16gb-512ssd-nvidia-mx570a-2gb-gddr6-fhd-office,dell
Dell Inspiron G15 5520 | i7 12700H | 16GB RAM | 512GB SSD | RTX3060 6GB GDDR6 | FHD,"Rs.238,600","Rs.251,000",https://www.neostore.com.np/assets/uploads/5520_2111.jpg,https://www.neostore.com.np/product/dell-inspiron-g15-5520-i7-12700h-16gb-ram-512gb-ssd-rtx3060-6gb-gddr6-fhd,dell
Dell EcoLoop Pro Sleeve 11-14 CV5423 ,"Rs.4,275","Rs.4,500",https://www.neostore.com.np/assets/uploads/ecoloop_2.jpg,https://www.neostore.com.np/product/dell-ecoloop-pro-sleeve-11-14-cv5423-,dell
Dell Pro 2k QHD Webcam - WB5023,"Rs.26,500","Rs.27,900",https://www.neostore.com.np/assets/uploads/wc.jpg,https://www.neostore.com.np/product/dell-pro-2k-qhd-webcam---wb5023,dell
Dell Pro Wireless Headset - WL5022,"Rs.41,700","Rs.43,900",https://www.neostore.com.np/assets/uploads/headphone.jpg,https://www.neostore.com.np/product/dell-pro-wireless-headset---wl5022,dell
Dell UltraSharp 4K Webcam WB7022,"Rs.40,750","Rs.42,900",https://www.neostore.com.np/assets/uploads/wc1.jpg,https://www.neostore.com.np/product/dell-ultrasharp-4k-webcam-wb7022,dell
Dell 34 Curved USB-C Monitor – S3423DWC,"Rs.101,750","Rs.104,900",https://www.neostore.com.np/assets/uploads/S3423DWC_2.jpg,https://www.neostore.com.np/product/dell-34-curved-usb-c-monitor-s3423dwc,dell
Dell 34 Curved Gaming Monitor – S3422DWG,"Rs.101,750","Rs.104,900",https://www.neostore.com.np/assets/uploads/S3422DWG.jpg,https://www.neostore.com.np/product/dell-34-curved-gaming-monitor-s3422dwg,dell
Dell UltraSharp 27 inch Monitor - U2722D,"Rs.77,500","Rs.79,900",https://www.neostore.com.np/assets/uploads/U2722D.jpg,https://www.neostore.com.np/product/dell-ultrasharp-27-inch-monitor---u2722d,dell
Dell 27 Inch USB-C Monitor - S2723HC,"Rs.48,400","Rs.49,900",https://www.neostore.com.np/assets/uploads/S2723HC_3.jpg,https://www.neostore.com.np/product/dell-27-inch-usb-c-monitor---s2723hc,dell
Dell 27 Inch Monitor - P2722H,"Rs.51,320","Rs.52,900",https://www.neostore.com.np/assets/uploads/P2722H_3.jpg,https://www.neostore.com.np/product/dell-27-inch-monitor---p2722h,dell
Dell 27 Inch Gaming Monitor - G2722HS,"Rs.78,475","Rs.80,900",https://www.neostore.com.np/assets/uploads/G2722HS.jpg,https://www.neostore.com.np/product/dell-27-inch-gaming-monitor---g2722hs,dell
Dell 27 Inch Curved Gaming Monitor – S2721HGF,"Rs.48,400","Rs.49,900",https://www.neostore.com.np/assets/uploads/S2721HGF_2.jpg,https://www.neostore.com.np/product/dell-27-inch-curved-gaming-monitor-s2721hgf,dell
Dell 27 Monitor Gaming - S2721DGF,"Rs.83,325","Rs.85,900",https://www.neostore.com.np/assets/uploads/S2721DGF_2.jpg,https://www.neostore.com.np/product/dell-27-monitor-gaming---s2721dgf,dell
Dell 24 Inch Monitor - P2422H,"Rs.38,700","Rs.39,900",https://www.neostore.com.np/assets/uploads/P2422H.jpg,https://www.neostore.com.np/product/dell-24-inch-monitor---p2422h,dell
Inspiron 15 5510 - i5-11300H | 8GB RAM | 512GB SSD | Intel Iris Xe | FHD ,"Rs.119,605 - Rs.121,105","Rs.125,900",https://www.neostore.com.np/assets/uploads/541031.jpg,https://www.neostore.com.np/product/inspiron-15-5510---i5-11300h-8gb-ram-512gb-ssd-intel-iris-xe-fhd-,dell
Dell Inspiron G15 5515 - AMD Ryzen 7 5800H | 8GB | 512SSD | NVIDIA RTX 3050 4GB GDDR6 | FHD | Win 11,"Rs.179,500",,https://www.neostore.com.np/assets/uploads/5515_511.jpg,https://www.neostore.com.np/product/dell-inspiron-g15-5515---amd-ryzen-7-5800h-8gb-512ssd-nvidia-rtx-3050-4gb-gddr6-fhd-win-11,dell
Dell Inspiron G15 5511 - i5 11400H | 8GB | 256SSD | NVIDIA RTX 3050 4GB GDDR6 | FHD | Win 11,"Rs.105,000","Rs.145,900",https://www.neostore.com.np/assets/uploads/551121.jpg,https://www.neostore.com.np/product/dell-inspiron-g15-5511---i5-11400h-8gb-256ssd-nvidia-rtx-3050-4gb-gddr6-fhd-win-11,dell
Dell Alienware M15 R6 | i7 11800H | 32GB RAM | 1TB NVMe SSD | RTX 3070 GDDR6 | QHD Display With 240Hz,"Rs.299,999","Rs.359,900",https://www.neostore.com.np/assets/uploads/alien3.jpg,https://www.neostore.com.np/product/dell-alienware-m15-r6-i7-11800h-32gb-ram-1tb-nvme-ssd-rtx-3070-gddr6-qhd-display-with-240hz,dell
Dell AC Adapter E5 65W 7.4mm Barrel UK Power Cord ,"Rs.3,470","Rs.3,650",https://www.neostore.com.np/assets/uploads/Dell_AC_Adapter_E5_65W_7.4mm_Barrel_UK_Power_Cord.jpg,https://www.neostore.com.np/product/dell-ac-adapter-e5-65w-7-4mm-barrel-uk-power-cord-,dell
Dell AC Adapter 65W 4.5mm Barrel UK Power Cord,"Rs.2,460","Rs.2,590",https://www.neostore.com.np/assets/uploads/Dell_AC_Adapter_65W_4.5mm_Barrel_UK_Power_Cord.jpg,https://www.neostore.com.np/product/dell-ac-adapter-65w-4-5mm-barrel-uk-power-cord,dell
Dell Stereo Headset – WH1022,"Rs.6,200",,https://www.neostore.com.np/assets/uploads/Dell_Stereo_Headset_–_WH1022_2.jpg,https://www.neostore.com.np/product/dell-stereo-headset-wh1022,dell
Dell Wireless Keyboard & Mouse - KM117,"Rs.2,990","Rs.3,150",https://www.neostore.com.np/assets/uploads/km117_2.jpg,https://www.neostore.com.np/product/dell-wireless-keyboard-mouse---km117,dell
Dell Multimedia Keyboard - KB216,"Rs.1,140","Rs.1,200",https://www.neostore.com.np/assets/uploads/KB216_2.jpg,https://www.neostore.com.np/product/dell-multimedia-keyboard---kb216,dell
Dell Pro Wireless Keyboard and Mouse US English - KM5221W,"Rs.5,745","Rs.6,050",https://www.neostore.com.np/assets/uploads/KM5221W.jpg,https://www.neostore.com.np/product/dell-pro-wireless-keyboard-and-mouse-us-english---km5221w,dell
Dell Wired Mouse with Fingerprint Reader - MS819,"Rs.9,400","Rs.9,900",https://www.neostore.com.np/assets/uploads/MS819_3.jpg,https://www.neostore.com.np/product/dell-wired-mouse-with-fingerprint-reader---ms819,dell
Dell Multi-device Wireless Mouse - MS5320W,"Rs.6,555","Rs.6,900",https://www.neostore.com.np/assets/uploads/MS5320W_2.jpg,https://www.neostore.com.np/product/dell-multi-device-wireless-mouse---ms5320w,dell
Dell Mobile Pro Wireless Mouse - MS5120W,"Rs.5,920","Rs.6,230",https://www.neostore.com.np/assets/uploads/dell.jpg,https://www.neostore.com.np/product/dell-mobile-pro-wireless-mouse---ms5120w,dell
Dell Mobile Wireless Mouse - MS3320W,"Rs.3,850","Rs.4,050",https://www.neostore.com.np/assets/uploads/MS3320W_2.jpg,https://www.neostore.com.np/product/dell-mobile-wireless-mouse---ms3320w,dell
Dell Optical Wireless Mouse - WM126,"Rs.2,025","Rs.2,130",https://www.neostore.com.np/assets/uploads/WM126_3.jpg,https://www.neostore.com.np/product/dell-optical-wireless-mouse---wm126,dell
Dell Optiplex 3090-i5-10505 |4GB RAM |1TB HDD |Intel Integrated Graphics | Windows 10,"Rs.97,755","Rs.102,900",https://www.neostore.com.np/assets/uploads/3090_41.jpg,https://www.neostore.com.np/product/dell-optiplex-3090-i5-10505-4gb-ram-1tb-hdd-intel-integrated-graphics-windows-10,dell
Dell Gaming Backpack 17,"Rs.5,400","Rs.6,000",https://www.neostore.com.np/assets/uploads/dell_3.jpg,https://www.neostore.com.np/product/dell-gaming-backpack-17,dell
Dell Inspiron 15 3515 | AMD Ryzen 3 3250U | 4GB| 1TB | Radeon Graphics | FHD,"Rs.60,705 - Rs.61,705","Rs.63,900",https://www.neostore.com.np/assets/uploads/3515_131.jpg,https://www.neostore.com.np/product/dell-inspiron-15-3515-amd-ryzen-3-3250u-4gb-1tb-radeon-graphics-fhd,dell
Dell Vostro 3510 | i5-1135G7 | 8GB | 512GB SSD | Nvidia MX350-2GB | Ubuntu,"Rs.113,393 - Rs.114,393","Rs.116,900",https://www.neostore.com.np/assets/uploads/vostro_3510_321.jpg,https://www.neostore.com.np/product/dell-vostro-3510-i5-1135g7-8gb-512gb-ssd-nvidia-mx350-2gb-ubuntu,dell
Dell OptiPlex 3080 Micro | i5-10500 | 8GB | 256GB | Ubuntu,"Rs.85,405","Rs.89,900",https://www.neostore.com.np/assets/uploads/optiplex_3080.jpg,https://www.neostore.com.np/product/dell-optiplex-3080-micro-i5-10500-8gb-256gb-ubuntu,dell
Dell Projector 4220,"Rs.149,625","Rs.166,250",https://www.neostore.com.np/assets/uploads/dell_projector_4220_3.jpg,https://www.neostore.com.np/product/dell-projector-4220,dell
Dell Projector 1450,"Rs.75,900","Rs.79,900",https://www.neostore.com.np/assets/uploads/dell_1450_3.jpg,https://www.neostore.com.np/product/dell-projector-1450,dell
Dell G5-15 5515 | AMD Ryzen 5-5600H | 8GB | 256SSD | NVIDIA RTX 3050 4GB GDDR6 | FHD | Office 2019,"Rs.134,805 - Rs.136,605","Rs.141,900",https://www.neostore.com.np/assets/uploads/Dell-G5-15-5515--AMD-Ryzen-7-Front2.jpg,https://www.neostore.com.np/product/dell-g5-15-5515-amd-ryzen-5-5600h-8gb-256ssd-nvidia-rtx-3050-4gb-gddr6-fhd-office-2019,dell
Dell G5-15 5511 | i7-11800H | 16GB | 512SSD | NVIDIA RTX 3050-4GB GDDR6 | FHD,"Rs.160,110","Rs.179,900",https://www.neostore.com.np/assets/uploads/g5-15.jpg,https://www.neostore.com.np/product/dell-g5-15-5511-i7-11800h-16gb-512ssd-nvidia-rtx-3050-4gb-gddr6-fhd,dell
Dell-15 G5 5511 | i7-11800H | 16GB | 512SSD | NVIDIA RTX 3050 Ti 4GB GDDR6 | FHD | Office 2019,"Rs.162,400","Rs.203,900",https://www.neostore.com.np/assets/uploads/55111.jpg,https://www.neostore.com.np/product/dell-15-g5-5511-i7-11800h-16gb-512ssd-nvidia-rtx-3050-ti-4gb-gddr6-fhd-office-2019,dell
Dell Inspiron 15 5515 | AMD Ryzen 7-5700U | 8GB | 512SSD | Radeon Graphics | FHD | Office 2019,"Rs.110,610","Rs.122,900",https://www.neostore.com.np/assets/uploads/5515_211.jpg,https://www.neostore.com.np/product/dell-inspiron-15-5515-amd-ryzen-7-5700u-8gb-512ssd-radeon-graphics-fhd-office-2019,dell
Dell Inspiron 15 3511 | i5-1135G7 | 8GB | 1TB | Intel Iris Xe | FHD | Office 2019,"Rs.87,203 - Rs.88,203","Rs.89,900",https://www.neostore.com.np/assets/uploads/3511_52121.jpg,https://www.neostore.com.np/product/dell-inspiron-15-3511-i5-1135g7-8gb-1tb-intel-iris-xe-fhd-office-2019,dell
Dell E2016HV 19.5-inch Monitor,"Rs.19,885","Rs.20,500",https://www.neostore.com.np/assets/uploads/E2016HV_3.jpg,https://www.neostore.com.np/product/dell-e2016hv-19-5-inch-monitor,dell
Dell 27 Inch FHD Monitor | S2721HN,"Rs.34,500",,https://www.neostore.com.np/assets/uploads/S2721HN_4.jpg,https://www.neostore.com.np/product/dell-27-inch-fhd-monitor-s2721hn,dell
Dell 24 Monitor | S2421HN,"Rs.26,100","Rs.26,900",https://www.neostore.com.np/assets/uploads/dell_monitor_3.jpg,https://www.neostore.com.np/product/dell-24-monitor-s2421hn,dell
Dell Latitude 15 3510 | i7-10510U | 8GB | 500GB HDD | Ubuntu,"Rs.116,305 - Rs.117,305","Rs.119,900",https://www.neostore.com.np/assets/uploads/3510_5.jpg,https://www.neostore.com.np/product/dell-latitude-15-3510-i7-10510u-8gb-500gb-hdd-ubuntu,dell
Dell Latitude 15 3510 | i5-10210U | 4GB | 1TB | Fedora ,"Rs.82,355 - Rs.83,355","Rs.84,900",https://www.neostore.com.np/assets/uploads/3510_3.jpg,https://www.neostore.com.np/product/dell-latitude-15-3510-i5-10210u-4gb-1tb-fedora-,dell
Dell G5 15 5505 – | Ryzen 9 4900H | 16GB | 6GB Graphics | 512GB SSD | WIN 10 HOME,"Rs.215,245","Rs.221,900",https://www.neostore.com.np/assets/uploads/55053.jpg,https://www.neostore.com.np/product/dell-g5-15-5505-ryzen-9-4900h-16gb-6gb-graphics-512gb-ssd-win-10-home,dell
Dell G5 15 5505 - | Ryzen 7 4800H | 8GB | 6GB Graphics | 256GB SSD | WIN 10 HOME,"Rs.160,925","Rs.165,900",https://www.neostore.com.np/assets/uploads/55052.jpg,https://www.neostore.com.np/product/dell-g5-15-5505---ryzen-7-4800h-8gb-6gb-graphics-256gb-ssd-win-10-home,dell
Dell G5 5500 i7 10th Gen | 8GB Ram | 512SSD | 6GB Graphics | Win10,"Rs.205,105","Rs.215,900",https://www.neostore.com.np/assets/uploads/g5_550011.jpg,https://www.neostore.com.np/product/dell-g5-5500-i7-10th-gen-8gb-ram-512ssd-6gb-graphics-win10,dell
Dell 24 Touch Monitor | P2418HT,"Rs.66,835","Rs.68,900",https://www.neostore.com.np/assets/uploads/uploads/2020/08/187.jpg,https://www.neostore.com.np/product/dell-24-touch-monitor-p2418ht,dell
"Dell Portable Power Companion 18,000 mAh","Rs.12,510","Rs.13,900",https://www.neostore.com.np/assets/uploads/uploads/2020/08/95.jpg,https://www.neostore.com.np/product/dell-portable-power-companion-18-000-mah,dell
Dell Portable Power Companion 12000 mAh,"Rs.11,610","Rs.12,900",https://www.neostore.com.np/assets/uploads/uploads/2020/08/94.jpg,https://www.neostore.com.np/product/dell-portable-power-companion-12000-mah,dell
